date,id,author,hash,unlock
2025-12-01,001,Matt Lui,ea7623d3e0e2c65ed49806a0df44be123469436d4f57c35f7b4dbb07bd82d52b,
2025-12-02,002,Amy Fisher,cbcb2e157d66c5e5c6fcfdffd16209698d9f1fd6d010d2af77a2f8454748bc09,
2025-12-05,005,Michelle Rundbaken,0c3551bface76830a586ba80524c5a4ff604c97aa26788360f1c010ad9e1bc15,
2025-12-06,006,Jen McPhilimy,891e9e9d220bd20166c42ce355a356feba7c5a3bb0a837346a5b107d6aceace1,
2025-12-07,007,Matt Lui,10cab5911afb060f282630e2d9f59a3db230e74a5a2e4dde8d0dedba739208ed,
2025-12-10,010,Shannon McDowell,095534e9aeb40a98439f23f2d0ef2f2fc06d8e0c9f82b54b9775c424c5d1aff1,
2025-12-11,011,Jen McPhilimy,7bbd44e11ae4ca999450abc6d86aa9960a6b76c0418c4d8be6f131586ac9c0db,
2025-12-13,013,Darren Miller,774df469483e2e1c714d65512760e2b1be4be2b0c1d22539b8386ee2c10cc2ff,
2025-12-15,015,Matt Lui,410146eae4bba3db277f8fffcfb86eb77423ed5939e40021a1e89ad7cf718c79,
2025-12-16,016,Tammy Dorn,7e8d489cf74287e551695803b28ea7877b4e636bc38990c0511d678e971a87ba,
2025-12-17,017,Amy Fisher,7fbde386a2350b6272cc46d366a344b5d9c074fd616160b96d00bf76a81ad147,
2025-12-18,018,Jen McPhilimy,c4b1b4c8bf1c297c03b1efb4bbaf87a07d2db2d79f2e36c389e45b6a04a0193f,
2025-12-20,020,Vivian Ripoll,0ded1039dd48b4dd2658a847be1f61147679369b3c567de6d7ff6f8ece1ca2c6,
2025-12-21,021,Errol Elumir,2262b2bd1730ceea8e91f31f5f6fbc3b67d524b6abc190c228d5c694dd02c09c,
2025-12-22,022,Amy Fisher,898cb3717d4dea411dddb094a7aa1b09309ce873da3224c974209cdef4456dde,
2025-12-23,023,Vivian Ripoll,25253ad750824ac3477ab5c8ec2d0c3c42d69366b0dd8f7be98f5dff0ff24776,
2025-12-24,024,Matt Lui,f1bcc55312e1f2285841032c1c53a23125250c210ff7fa96f805f8253a3c2ec9,"H2t25jvaIXiokUaeqFlBMk+eMZMv14WX+C5SpJ4U3OBYnnKkjZZGc4vfTjZyAZz3DUVQexjawcVdaITpsP+8Ay/KrnmdQXsK6tr1JpsBroj93cPiBsCQ0u/vZqs259uW9IJWYfCo8KVYQFEPyT8gDg=="
